trial,testing,parameters,initial_deadline,final_deadline,net_reward,actions,success
1,False,"{'a': 0.3, 'e': 0.9900498337491681}",30,0,-207.3849332129548,"{0: 16, 1: 2, 2: 7, 3: 3, 4: 2}",0
2,False,"{'a': 0.3, 'e': 0.9801986733067553}",20,0,-116.91768878303216,"{0: 12, 1: 1, 2: 4, 3: 2, 4: 1}",0
3,False,"{'a': 0.3, 'e': 0.9704455335485082}",20,0,-69.27465355691788,"{0: 14, 1: 1, 2: 4, 3: 0, 4: 1}",0
4,False,"{'a': 0.3, 'e': 0.9607894391523232}",25,0,-156.62665500047873,"{0: 14, 1: 3, 2: 4, 3: 2, 4: 2}",0
5,False,"{'a': 0.3, 'e': 0.951229424500714}",20,0,-48.56670302085551,"{0: 15, 1: 3, 2: 1, 3: 0, 4: 1}",0
